Unnamed: 0,更新时间,标题/题目,作者,摘要,sentiment
0,2019-06-01 12:41:36,注意力严重无法集中怎么办?,胡辰鑫,因为你压力太大了这是心态问题我曾遇到过等我到了大学的时候，有一次上微积分，突然觉得怎么这么容易那时就感悟是环境变宽松了，心态变放松了，自然能学进去了在高中的时候，我把所有时间都拿来学习了，但是到一直在中游水平，就是上不去，数学，物理理解起来非常费力，而我在初中，小学一直是尖子生,0.9999999549160359
1,2019-06-01 19:23:27,小时候发生的最痛苦的事情是什么？,匿名用户,后来我还是在那个家里死皮赖脸的长大了，虽然我嘴上说着永远不原谅我的亲生父母，可是即便我刚成年的时候，我还依旧对他们抱有希望，会不会有一天他们来找我那个时候特别希望我是家里捡来的孩子，因为那个时候的我真的不想和他们有半点关系因为一点小事她就要打电话告诉我的班主任，家里的每一个人，说的特别的难听，当着我的面,0.984952182471061
2,2019-06-03 21:47:10,有个语言暴力的爸爸，每天都活在痛苦中。原生家庭的伤害，现在还没办法自立怎么办。？,江树,”这样反问他有两个好处：1让他意识到自己语言背后的逻辑（其实很多人说话不经大脑，只是发泄情绪张口就来，这样可以让他自己先意识到这个事情）2这句话也很适用于这样的场景：孩子：你这样说我感觉很难过不舒服下次再遇到语言暴力的情况，该表态还是表态（平和坚定的），同时也别觉得痛苦，因为你爸爸说到底其实是个可悲可怜的人，把该做的事情做好，不为别人，就为了自己人性本来就是复杂的，很多家长更是在孩子面前真相毕露，甚至会把在外面遭受的压力和愤怒都发泄到孩子头上，尤其是在经济压力大，家长自省力差的情况下,0.9999999977998528
3,2019-06-03 22:51:11,人们在自杀前都会想些什么？,QSKnight,不想动，不想思考，毫无欲望，毫无动力，自我否定，不想被人打扰，也不想打扰任何人，只对自己精神有所寄托的人无限的内疚和自责，精神封闭，意识隔绝，如果还是有外部压力进入这最后的世界，那就是只能物理隔绝了，真的对不起，我是个狡猾不负责的人，我要偷跑了,0.9406013324038601
4,2019-06-04 11:17:16,有个语言暴力的爸爸，每天都活在痛苦中。原生家庭的伤害，现在还没办法自立怎么办。？,幼婷,你一定要明白，家并不是你的全部，你的价值不能靠它肯定或否定，你要走出去，从精神上走出去，多看书，多观察，多接触他人，看他人的世界，去拥抱这世间的一切与变化人不能选择自己的出身，但人能主宰自己的命运，当你有意识的去行动，去追求，生活就会回馈给你想要的样子当有一天你精神世界足够丰盈，你会发现你爸爸的言语暴力根本伤害不了你，而且你还会觉得他可怜，因为无知或无能的人，才会伤害亲人,0.9999999999997382
5,2019-06-08 11:29:37,爱而不得，是有多痛苦？怎么才能走出?,令狐霖麟,感情的事多的是爱而不得的人，其实所谓的爱而不得只是对用情深的那一方来说，对于不在乎的另一方来说你其实很容易被取代的如果你真的爱，走不出来的你需要的不是走出来，只是等一个时间，等到了那个时间，走不出来也不会对你造成什么影响的时间，就算是走出来了,0.9970794385464923
6,2019-06-09 18:11:15,插胃管是一种怎样的体验?,奇岳半,我猜测有可能是我前一天晚上按照医生说的8点后什么都不吃，胃里没东西了，做完手术就不存在插胃管了同一个病房的胰腺炎阿姨插胃管插了10天，不能吃不能喝，也不做手术，打营养液，可怕她说她当初每天都求着护士让把胃管拔了其实，插胃管的过程真没那么难受，也很快，只是如果长时间戴着胃管，都会多少坚持不下去的后来啊，手术几天后下床走动，看着那些胰腺炎患者插着胃管在走廊走路，我看着都难受真的，虽然他们有可能也和我当初一样乐在其中，但我经历过后回想起来，还是挺不愿回去的，回想起来才觉得难受,0.0020136373392675155
7,2019-06-11 21:32:27,女生删了男生微信以后有想加回来，但是为什么真的很痛苦难受？,东方不弃,像这样不长情的男子，你应该庆幸当初没有答应他昨天在抖音看到一句话，说得真好其实，也没有必要加他，也没有必要跟他讲清楚,0.8766475128089058
8,2019-06-15 10:13:25,失恋后需要多长时间能走出痛苦？,伤心的大肠,能熬过去啊，我到现在做梦都还梦到我初恋，说明我潜意识里还是对他念念不忘的，虽然他把我绿了因为异地恋分手已经分手两年多了，刚开始也是每天学习不在状态，也不愿意多出去走动，没事就回寝室待着，分手后联系方式都删完，，微信，电话号码，全都删掉眼不见为净刚开始听到他的名字或者什么事都想哭，大概过了一个学期，听到他的事心里虽有触动，但是能控制住，结果看照片还是差点没憋住后来慢慢开始打游戏要好的多，游戏真好玩呀嘻嘻嘻时常出现在我梦中，今年收拾房间翻出了我和他在一起的时候写的日记，认真的看了起来，心中只剩感慨和遗憾，大概两个人就这样吧到现在偶尔也会梦到，但是见面应该还是能控制住吧，分手后没有见过一次面到现在时间会冲淡一切，没有谁离开谁就活不下去了，只有自己不放过自己,0.999999999957
9,2019-06-20 22:31:54,失恋不知所措？,大土土女尼,无论做什么事情都想着他，这个时候我给你的建议是把自己放到一个热闹的新环境去在这个阶段我叫朋友带我去结识新朋友大家一起玩，因为在刚认识的人面前人们都会尽量表现出自己好的一面，把悲伤藏起来他的新女友是哪哪都不如我的小太妹（差距真的太大不是我自己说的），越是这样越想不明白为什么他宁愿和这样的一个女生在一起都不愿意来挽回我们的爱情对我来说失恋被出轨就像是一个小阴影，凭我自己的力量真的好难走出去，但是我对阴影外的人说，你们帮帮我,0.9999999836903339
10,2019-06-21 11:28:59,人能绝望到什么程度？,匿名用户,再次亏损15，同月，自己的工程施工人员从高楼坠下，当场死亡，不行的万幸自己给师傅买了保险，但是最后保险也不够，亏损40，当时差点自己也不想活了，结果一个大喜，我有孩子了，宝宝19年6月预产期，有了生的希望，媳妇压力特别大我也知道，但是真的快山穷水尽，给爸妈说了，于19年4月基本还完所有债务，本以为慢慢会好，（穷到身上五毛钱带了12天，客户不叫我吃饭我不吃）中间居然请什么歌舞队来给我妈送别（我很想很想打人，甚至人，但是所有人拦住了我爸，和我，然后他们的人在我耳边说你不是不会伤心吗，那个歌舞队来了有个催泪节目，弄的你哭死，然后我忍住了没哭，中间我妥协了，因为想我妈安安稳稳下葬），中途还说我们老家的人不帮忙台歌舞队的东西，说我们生产队（农村办红白事都是周边无偿帮忙，这句话一出没人动了，我爸差点拿刀砍人，然后又劝下，一个一个人赔罪，一个一个人请，搬进来了，）然后中途各种挑事，等到我妈下葬，做饭的一条龙服务的人钱还没给，来找我爸说我妈借了钱，她要出去旅游散心，我们说等下午弄完了所有事给你，结果如同无赖，把我爸架走了，然后因为我们不知道多少，变成他说多少我们给多少，让写了一个收条，结果出去使坏，把我妈的妹妹叫来说借了钱的我们叫他们写条子，我小姨他们招呼都没打就走了当时我说我骗媳妇说我妈脚摔了，才过来，我说我回去一趟，稳稳月子情绪，然后担心月子，然后被亲戚说我妈生了我不去摔死，娶了媳妇忘了娘，说我妈不值得，没人拿灵位，遗像之类的额度话语（当天我没发脾气，因为肇事者已经带走）就这些话，把我气到了，对骂了几句，然后开始了后来母亲丧事上的各种挑事，说要找公司的麻烦（麻烦可以找，但是后果就是我妈绝对火花，甚至无法带回家，不欢而散后果就是什么都是法律书本的东西了,1.1102230246251565e-15
11,2019-06-21 22:40:39,27 岁的儿子意外离世，我要怎么面对不幸和痛苦？,已为陈迹,我老公十二天之前刚离开我们，猝死，我们结婚不到两年，儿子正好五个月，一句话都没有留下，睡觉之前我俩聊天告诉我想我跟儿子了，醒来医院通知我，我已经成了一个不到三十岁的寡妇我无法接受这个事实，一度想随他而去，可是理智告诉我不能这么做，我还有家人我还有孩子，我不能让我儿子成为孤儿不能让我的家人更痛苦我郁闷彷徨找不到一个宣泄的出口，我疯狂的刷一些关于前世轮回，鬼神之类的帖子，我安慰自己他更希望我们过得好一些，我照顾好我们的儿子，照顾好我们的父母才是他最希望看到的可是我不后悔跟他在一起生活的这一年多，他给我的幸福足够我回忆一生，我相信他跟我的感受是一样的，我现在要好好把孩子抚养长大，告诉他他的爸爸是多么的优秀，爸爸跟妈妈是多么的相爱我的儿子尽管才五个月，虽然他以后的成长缺少了爸爸的陪伴，但他爸爸给予他的爱会一直伴随他攒好勇气再来补充一波：我老公三十二岁，工程师，整个集团最年轻的某一级干部，前途一片光明，自己奋斗买房买车娶妻生子没花家里一分钱，从小孝顺懂事，结婚后工作忙没时间顾家但是很爱我和孩子，儿子出生后他跟儿子说，以后咱们两个男子汉要一起保护妈妈去世的前一天跟我说要健健康康的陪我变老陪儿子长大，看他咿呀学语蹒跚学步，长大成人他就是这样喜欢规划未来，他跟我规划了好多好多，唯独没有告诉我没了他我们该怎样生活当然我能做的事情我也没让他操过心，比如做饭，比如家务，比如怀孕产检，比如半夜起来带宝宝，比如我自己可以做的任何事我做不了的他来做，比如家里某个东西坏了，比如安装一些小型家具我相信每个家庭的家务事都有一个默契合理的分工，我并没有把压力都放在我老公身上2019728农历六月二十六，今天是老公三十二岁的生日，去世第五十天，给他做了他最喜欢吃的枣糕，其他竟做不了什么总感觉他还在我身边，可是又一想我这辈子再也见不到他了心还是像被捏住了一样疼，所有的道理都懂，只是做到太难十年生死两茫茫,1.0
12,2019-06-22 03:30:38,作为受害者，是觉得突然被强奸更痛苦还是被强奸后发现加害者预谋已久更痛苦？,匿名用户,就算以后可以说出“现在过得很好”，也怎么都难以忘记那种惨痛与悲哀，可能时不时会想起来，然后对身边所有男性怀有恐惧对于我而言，哪一个更痛苦这个问题，比起从前，现在好像已经不重要了女孩子仍然被伤害，寻求帮助也没有人，只能和我一样沉湎于痛苦，一辈子都活在这种莫名的恐惧中,0.9999739796191905
13,2019-06-25 09:47:57,如果一个人极度社恐，对别人总是充满敌意，自己也很痛苦，放不开，总是感到做错事的自责感，怎么办？,于德志,比如你提到的敌意、痛苦、恐惧、尴尬、不自信等等，虽然这些更多的是自我意识的情绪，但身体体验一定是存在的，所以，练习去观察那正在发生着的体验这里要注意的是：觉察并非控制，所以这不是让你尝试控制紧张的肌肉、急促的呼吸、变低的体温，而仅仅是让你去觉察自己的身体究竟发生了什么所谓的专业，我简单一说：不是能教你如何与人说话，如何自我压迫，而是能有效指导你观察你内心的恐惧，让自己摆脱恐惧的束缚,0.9999999999999909
14,2019-06-25 11:33:30,冷暴力有多痛苦？,于淼淼,如果是被最亲密的人冷暴力那么我会去和他沟通，如果我在乎这个人，我就会一五一十的把我的想法告诉对方如果说很多次，对方都不搭理我不管再亲密的人，如果不能陪伴彼此，反而把对他的信赖，当作伤害我的手段的话我就会思考这个人是否也给予我同样的尊重,0.9999980846124773
15,2019-06-29 14:33:27,给朋友的一封信,誉睿,情爱离合、生老病死、工作生活，都可能顺心或者不顺心，遇到了，怎么面对和调整自己你的波折挺多的，如果不从心底去反思和调整，痛苦轮回的结果怕是不会改变，这也是我的切身的教训和感悟一个人如果没有动力和意愿去探究，也不想主动去改变,0.9999900833858837
16,2019-07-09 14:00:44,人是不是喜欢给自己找痛苦？,弱鲐,要明白，你就是你，万万千千生命与历史的潮水中只诞生了一个你，那为什么我们不按自己所希望的那样去活呢痛苦来源于什么，在我看来就是一种落差，求不得放不下，这就能解释那些远离世俗的高人们往往会更自在，痛苦更少如果你知道人生一直是痛苦的你就不会痛苦了，就像人不会为自己飞不起来而深深地难过，因为一直如此,0.9999986428595364
17,2019-07-13 11:11:32,缺爱和缺钱哪个更痛苦？,匿名用户,我曾经晚上天天哭着想为什么我生在这样的家庭，哭的主要原因是家里没有钱我必须压抑自己喜好，所以非必需的东西我都觉得我没有资格开口问我妈要所以大学里所有我想要但是非必需的东西，啊啊护肤品化妆品啊出去旅行啊都是用我自己额外赚到的钱，生活费确实只够吃饭和一些换季基础的衣服可能一直生活在母亲天天和我说家里钱不够用的家庭里，没钱真的让我很没有安全感,0.9999949091981479
18,2019-07-13 16:00:03,为什么被劈腿那么痛苦？,槐序十六,昨天刚刚发现自己被劈腿，眼泪流不出，痛得一夜都没睡着，心可能死了吧，我不怪我自己，我知道，不怪我，我只是没遇见一个好人，没遇见一个真正珍惜我的人对的人他可能在未来等我，不知道要多久才来，但是没关系，我一定会等他来，我会慢慢疗伤，成为一个完整的爱人，等他来往事种种甜蜜，你才发现，这不过是在告诉你，人性险恶，人都有劣根性，原来那样一个真挚的人，转瞬就成了如今这个满嘴谎言的渣,0.9999999984776076
19,2019-07-19 19:17:58,男人为了有更多性而离婚？,火养读书时间,但是对于我这种每天都见太多情感案例的人来说，至少这男人为自己的行为作为选择，也没有说为难女人什么，有些男人就算外面有再多的关系，他也不会离婚，而且会控制女人人对未来总是有些惶恐的，就像我们这个时代的婚恋，对女性的苛责总是还多一些，所以总是会惶恐，万一没有遇到更适合的对象怎么办，万一又遇到一个很花心的男人怎么办，万一以后都一个人了怎么办，我理解这种惶恐，而这种惶恐应该也是很多女性匆忙步入婚姻的原因怎么说呢，婚姻并不是一个保险箱，从我解读这么多案例来说，这个男人他想自由，所以选择了自由，没有去拖累你，也算是一种做法,0.999999998470994
20,2019-07-23 08:47:30,人是不是喜欢给自己找痛苦？,野狐君,不是是人们会为自己缔造意志意志达成会有短暂的欢愉之后便需要缔造新的意志否则便会陷入无聊与厌倦而若是缔造的意志无法达成便会陷入痛苦但痛苦只是一种反馈信号反馈我们的问题与渴望只是很多人喜欢逃避与沉溺这样只会更加痛苦而已实际上只需要我们反思方法或者缔造新的意志即可,0.9999999999493272
21,2019-08-02 15:37:57,18岁就得了慢性单纯性鼻炎 真的要痛苦一辈子吗？,鼻舒乐鼻腔护理,但在鼻腔内有炎症时，由于黏膜肿胀和分泌物聚集放大了鼻周期效应，从而随着两侧鼻子生理周期的调整而出现了交替鼻塞最后，另一个值得注意的重点：鼻腔健康的保护和呼吸道问题的预防随着鼻子里黏膜的恢复，鼻塞、鼻涕以及鼻子里不适随之消失健康黏膜与炎症黏膜对比示意图黏膜肿胀表现为呼气热、鼻子里痒、打喷嚏或呼吸痛，严重时黏膜肿胀严重而直接引起鼻塞,0.9999406925849418
22,2019-08-04 23:39:29,人们在自杀前都会想些什么？,匿名用户,202031看到来评论的朋友们，我都想劝一下你们，再坚持一下，再努力一下，会变好的看到好多人都在说对不起爸爸妈妈，我是真的很羡慕为什么我会在这里回答这个问题，都是因为他们,0.9984643270215748
23,2019-08-05 18:54:36,冷暴力有多痛苦？,倪思定,于是我为了让安心，解释了自己产生怀疑的原因也告诉她，我会体谅她的情绪，让她放心，希望她信任我，我真的很喜欢和她做朋友我们约定，发现谁的情绪不对，就直接问表达出来这里开始，已经出现了问题，但我没有警惕第四个学期情绪开始反复无常，时不时地就冷漠脸交了个男朋友，和我虽然每天一起但是都是些不痛不痒的交流我小心翼翼地经营着，问她怎么了不开心她总是回答没什么，然后态度会好几天我发现我越来越被的情绪所主导我害怕她生气，害怕她态度不好她跟别人在一起都很开心，唯独总是对我发脾气有时候我也气不过，不跟说话她看起来也没有在意的样子，还是跟别人谈笑风生于是我愈发怀疑自己，反省自己做错了什么去找和好，跟她道歉，她每次都说原谅我我能感觉到我们的关系不正常了我千方百计地去顺从的心意用各种方式去讨她欢心她全盘接受，而且逐渐开始反驳我的意见慢慢的，我们之间的关系像是女王和女仆这个假期，我下定决心要离开她第五个学期我没有找她，她也没有找我我们之间见面却不再说一句话之前那么亲密的关系，现在变得冷漠疏远我很难受，为什么我们变成现在这样为什么我做了那么多还是不够为什么只有我，看起来那么在乎，那么难过我没有忍住还是去找了她，说我们和好吧说我真的很在乎她，说了很多我的困惑说是我想太多了，做朋友就是要开心嘛我们和好了关系却还是女王和女仆相处起来愈发难受，但是分开我又更加难过我开始想，我为什么要因为一个人承受这么多情绪我猜我可能是真的很在乎这个人，投入了太多吧可是我好像不认识自己了，这个偏执，歇斯底里的人我越偏执，越难以控制自己的情绪我开始变得敏感，因为一点点情绪的变动就掀起轩然大波，我开始不断地道歉，又不断地表达喜爱之情我想解决问题，回答却总是你想太多了，太敏感了真的好累第六个学期我像是被抽干了力气，看到就开始惴惴不安在朋友的陪伴和劝说下，我没有再和说一句话她自然也没有再找过我我想，应该是真的不在意吧虽然我还是很难受和在乎，但是更加讨厌那个失控的自己几个月的时间里，我不断地反省，思考原因又一遍遍推翻，难过的情绪排山倒海一样地来我想尽办法躲开，躲开心神不宁我花了一个学期的时间，才勉强让自己接受关系已经无法挽回的事实假期看到《冷暴力》这本书，读完，觉得每一句话都在直戳我的脊梁骨，字字诛心以上是一个开端第二个学期见到我，像是之前什么事情都没有发生过一样又回到了她热情的样子我心里觉得奇怪，但是回来了就好之前可能是有什么误会，可能是我想多了吧但是在这个期末考期的时候又重蹈覆辙，表现出了和上学期同样的态度又是一个没有说过话的假期我心里开始打鼓了这样真的很奇怪，是学期末有什么魔咒吗这让我觉得很不舒服，我下定决心这个人我一定不要再和她做朋友了第三个学期又恢复成了原来的样子我想表现得冷漠些，但又怀疑是不是自己的问题是不是不应该怪罪别人表现得那么热情，我这样是不是太冷漠了我尽量去体会她的情绪，让自己也热情起来小心翼翼的，害怕自己做错了事情这样得过且过了一个学期然而在期末考期，又发生了同样的事情我陷入了深深的自我怀疑，跟朋友说过后朋友建议我去问问到底是怎么回事我得到的回答是，没有想到我想做好朋友她是因为一些事情心情不好，她觉得不应该把负面情绪加到身边人身上我被说服了，觉得是自己太狭隘是我表达地不够，居然都不知道我想做朋友的心情，她有不开心的时候，我应该体谅的久而久之受虐者变得偏执，敏感，自卑，陷入情绪以下是我的经历是我室友来到离家几千公里的城市上学，很不适应也很想家于是跟身边的人一起玩起了手游，是身边的一员总是叫我一起打游戏，顺便大家也一起吃饭军训结束之后，我们上下课，逛街也都一起表现得很热情，什么事情都会叫我，一口一个亲爱的，她似乎很喜欢跟我一起玩在陌生的学校里，有人陪伴我，我很开心我们很亲密地相处了一个学期在临近期末考期的时候，突然变得不爱说话，做什么事情也都没有兴趣的样子我直觉她有什么事情不开心，但是看起来不想说，而且她的态度只是对我，于是我没有问,1.0
24,2019-08-10 19:59:05,所有一切痛苦的根源，是不是归根结底都是因为钱?,我佛爱你,15岁信佛、18岁出家、29岁证得生命本源，30岁复建东华禅寺、4年佛学专业、7年闭关、18年建寺安僧、1万多场开示演讲、千万言著述、13部著作出版多国语言2000年创立东华家风：信教先爱国，学佛先做人，修道先发心用空心看世界如果论环境好或不好，它不是针对你一个人，而是针对所有人一切事物的根本因素是什么1143612117751070720内心的问题解决了，外界一切问题都不是问题,0.9999999999336779
25,2019-08-12 16:29:21,听过最虐心的一句话是什么？,祎珺,多图预警很多都是刷手机看到保存的有时候莫名觉得很丧很丧这种感同身受才会好受一些吧后面的图片水印是之前的名字多图预警哦,0.9996314433068731
26,2019-08-16 13:53:16,窒息是一种什么样的体验?,Garrote,与此同时，身下却倍感空虚，渴望着被充满，腰肢扭动，双腿挣扎着、抽搐着，一股暖流从小腹升起，让人忘了自己正被绞索缢紧脖颈脖颈被绳索紧紧勒住，胸脯徒劳地起伏但不能吸进氧气，窒息的痛苦如同熊熊烈火，燃烧着肺部，思维恍惚混乱，眼前五颜六色关于这是一种什么体验总体来讲是非常刺激的,0.9999999999040505
27,2019-08-16 20:29:27,失去父亲，该如何从悲伤中走出来?,蒲公英,因为我爸是意外没的，那三天里，我报案然后走程序，要和对方谈判赔偿问题期间掺和的人各种多啊，各种乱啊，场面根本压不住，真的是看我家不行了各种欺负啊，多少人都在讨好对方因为他们有钱有势，还要和家里的亲戚打架撕逼亲戚老会摆出他们是长辈的姿态来让你遵从，屁的本事没有，架子老大，啥事都想做主，真的是动嘴和动手啊，还要安抚一些闹事的亲戚，为了别人的错下跪安抚啊，只为能早点安静的送走我父亲，我这辈子上学的时候没和混混服过软，掉到传销里没下跪求过生，如今为了父亲能安静的走，为了别人的过错去下跪，安抚这种亲戚，我内心很无奈其实你也快成年了，而且是男孩子，你不用那么早的考虑大学的学费生活费的问题，有的学校和专业不花钱军校警校免费师范生，而且大学里有各种补助，去做兼职也是很正常的事，很多人都会去做兼职的，男孩子该有担当他这辈子，吃了一辈子的苦，13岁就开始干活，受苦大累，一年到头都舍不得休息，小时候想读书也没资格所谓的地主家的孩子，其实并没有钱，最后连死都是干着活死的从6米高的石棉瓦上摔下来，舍不得吃舍不得穿，也舍不得给我们花钱除了供我们读书,0.9999999695076276
28,2019-08-19 00:38:55,接受不了爷爷或者奶奶去世怎么办?,难念的精,这个暑假我在家待了一段时间，我发现他们的日子真的很枯燥，除了一日三餐，看看电视散散步，真的没有什么事情可以做，早些年我外公是一个特别能折腾，特别不服老的人，年轻时意气风发，可以说我们家就是他一手发起来的，我上小学的时候，他每天早上六点半起来给我做早饭，做好了把我叫起来吃，然后开着摩托车（其实那个时候他已经六十多岁了）送我上下学，风雨无阻可是两天后我就要离开家回学校继续我的考研，如果考上了就要去更远更远的地方，一年回来的次数就更加更加少，有时候真的觉得好无力，为什么在他们最后不多的几年里，我们却越来越忙，越来越远我能看到他真的没有以前那么开心了，可能也还有一丝对衰老，死亡的无奈和沮丧吧，昨天下午看见他坐在客厅的按摩椅上，听着放着收音机，一动不动眼睛看着窗外，我真的意识到他老了,0.9999999772740881
29,2019-08-22 17:10:45,人间残渣,上海人形,阿南和空只是在小时候有见过几次面，空在他眼里是一个遥远而美丽的大姐姐，尽管如此，他也从空姐姐的只言片语中感受到了一种母亲般严厉却温柔的关怀，这是父母双亡的他一直所缺失的东西，他说只要在空的身边好像就能填补自己内心的空洞，然而无亲无故的他们并没有其他的交点，反倒是这次的意外让两人重新相会还有这么多中她为了救阿南所做出的努力：为了救他不惜牺牲尊严和生命，受到暴行失去了心智却只认识阿南，以及失去一切两人相依为命的结局，都从侧面刻画出了空这样一个温柔成熟，慈爱而充满斗志的姐姐形象，我想她也是本作最大的魅力所在，最后能有一个好结局也算是一种补偿吧（姐妹什么的真是太棒了）值得一提的是，空曾多次对阿南施以暴力，过去我总认为无论在什么情况下暴力都是不合适的，但是不得不说空对主角施加的暴力大多都是有必要的，她所攻击的完全是他心中阴暗软弱的部分，而善良单纯的部分则被她全心全意地爱护着，也正是这样的姐姐才能够拯救阿南吧，若是只看到一个人身上的一部分是不可能理解和改变他的，这一点应该铭记在心,1.0
30,2019-08-22 20:30:44,70后感情实录：破碎，缝补，以及爱而不得的荒芜,火养读书时间,而且这种依赖会越来越深，并不是说钱的问题，而是你在情感上对这个人已经形成惯性的依赖了，习惯了生活里有这个人，情感和性都有一个出口，一旦这个出口都关闭了，你很难重新回到那种孤独的生活当中几乎都是他向我倾诉他的烦恼，比如后期事业的受阻，丧母的悲痛他是一个非常勤于思考，敏感并对生命有很高要求的人，我们更多的会探讨生活和工作的意义，我在从一开始享受这种状态的过程中，也开始沉沦于这段关系起初他很热烈，说见到我就想笑，就想摸我的头，每天都会见面，会在冬日阳光午后小心小心翼翼给我电话，说很想我，说任何问题都不关心，只关心我开不开心,1.0
31,2019-08-24 23:26:50,痛苦源自于期望多于拥有,莞晗,老房子重建是奶奶心头的一个执念，她说以前爷爷没有兄弟，在村里都被人看不起，现在儿女赚了钱，别人都在家里建大房子，自己不回家建房，太没面子这也是为什么，我认为抑郁症是上天给我的礼物，如果不是这份绝望和痛苦，我不会去思考人为什么要活着，更不会思考什么才是幸福，我也不会选择如今的生活方式埃德斯塔福德有一个节目，名叫《原始拓荒客》，一群人脱离城市，开始自给自足的生活，可以说他们的主要收入就是救济金，在物质上简直是穷得叮当响,0.9999999999897706
32,2019-08-31 21:07:33,蛋疼和分娩哪个更痛？疼痛分级不是为了猎奇而是为了止痛,SME情报员,根据面部表情判断疼痛级别具有疼痛感可谓是一种非常实用的进化，当看过“先天性无痛症”患者啃咬掉自己的手指而不自知，以及自残至死的种种案例时，人们才珍惜这难能可贵的疼痛感觉有人提出了一种面部表情疼痛评分量表法，根据患者疼痛时的面部表情状态，分别判断出患者的疼痛级别是无痛、微痛、轻痛、剧痛、严重剧痛还是最痛自愿被咬的贾斯汀施密特数字分级法主要是通过人们对疼痛的主观体验，或者医护人员理解后的描述划分级别，主观性较强,0.9999999999999198
33,2019-09-02 12:19:38,经常感受到婚姻痛苦怎么办？,婚姻指南,我在婚前一直有男性追求者，他们对我都很好，买花约会送东西极尽浪漫，但是我脑子非常清醒：每个男人在求偶的最初阶段都是温柔体贴、俯首帖耳、唯命是从的姿态，但作为女人，我们应该做的并不是跟他吃多少顿饭、看多少场电影，而是要去观察他的细节之处透露出的本性，更要去考量他的内心世界，他的三观，然后理性评估你们到底合不合适牵手一起走漫长的一辈子试想一下：如果我当时选了一个长得帅或者家庭条件好的男人结婚，而我们的三观不一致的话，他觉得女人就应该在家里带孩子做家务，嫌我太强势不顾家，而我又觉得他太懒惰不上进，我们的婚姻迟早会解体但，就是这样的一个别人眼中的老好人，却是婚姻中的十足坏蛋，他对我妈漠不关心，常年不做家务，还很小气，小时候我记得我妈买一件衣服回来都要被他骂，还非常孝顺，听我奶奶的话，婆媳出现矛盾的时候不管三七二十一回来就对我妈一顿打骂,1.0
34,2019-09-03 06:25:26,奥兰港湾 二战中最痛苦战役,酷派天空,”英国人几乎把所有的炮火都集中在这艘庞大的战列舰上，法国人也从最开始的迷茫转化为愤怒，“布列塔尼号”在被鱼雷击沉的那一瞬间，仍在开炮还击，舰上1130名官兵随该舰沉入海中，这些落水的法国人不肯接受英国人的救援，面对英国人伸过来的援助之手，许多人坚决的回答到：“不，宁肯被淹死，也不会接受背叛者的救援”“布列塔尼号”沉没后，英舰便转移炮火，继续射击其余法舰”此言终成谶语，德国人确实没能拿到法国的舰队1940年7月1日，丘吉尔的弩炮出膛，一只庞大的英国舰队在夜幕的掩护下，悄悄驶离港口，朝着地中海西端的奥兰港急驶而去”不能再等了5时15分，萨默维尔中将向法舰“敦刻尔克号”发出最后一封警告：如果5时30分前，你们仍不接受我方任何一项建议，我方只能将你们的军舰击沉同时，英方代表也灰溜溜的从奥兰港逃命,0.9999999984683872
35,2019-09-03 19:06:14,刚刚进入大学，为什么会感到很痛苦呢？,厌西,希望我可以慢慢的好起来吧跟室友的关系好起来，有一个大学四年可以一起学习生活的密友吧刚到大学就感觉不舒服，我总感觉我没有退路了，不像高中时候，后面还有大学，到了大学，紧接着就要步入社会了，自己12月份就要成年了，希望自己能成熟一点，也希望和室友好好的相处下去开学的时候，是我舅妈送完来的，舅舅一家对我都挺好的以后周末没事就去舅舅家玩玩，去堂姐的学校看看（我现在坐在我们学校的池塘旁边，一边流泪，一边打字，心情激动，将就着看吧）昨天我一个山东的室友也因为不习惯流泪了，这个世界上有很多人都很难，希望会慢慢好起来我也是今年刚入大学，也感到很痛苦，感觉不舒服，不习惯，我室友都挺好的，但是我就是不怎么喜欢跟陌生人说话，昨天跟我妈打电话，我妈说：“要你来城读大学你不来，你在城读大学天天都可以回来，周末就更不用说了”那一刻，真的挺后悔的，包括到现在都挺后悔，虽然在城和现在这个学校都没有高中时期的好友，但在城起码可以回家，在这什么都没有希望大学四年能学会一样乐器，并考级，能变瘦点，学会化妆，毕业后想去城工作，离家里近点就这样吧愿望很多，希望能慢慢实现，大学生活慢慢变好,1.0
36,2019-09-13 13:28:46,注意力严重无法集中怎么办?,毛毛虫,下面一些内容看看是否会对你有帮助，如果自己克服不了，可以找心理医生帮忙强迫性思维92475942280290547森田疗法森田疗法百科最后，思维模式的形象非一朝一夕，所以想要转换成正常思维也不能一口吃成个胖子，楼主一定要对自己多些宽容，多些耐心，慢慢来，要知道你不是一个人在努力，还有你不知道的病友们也在努力呢不过楼主放轻松，你不是一个人有这种情况额，这是一种正常的心理状态，只是敏感严谨的人更容易出现而已它其实就像纸老虎，你越在意，它越猖狂，这就好像夜里一个人睡觉，越是胆小怕鬼的人就越是会想各种恐怖鬼故事,0.9999999862067406
37,2019-09-13 16:27:05,主动成长和被动成长，哪个更痛,小龙姑姑,有朋友说：为什么我身边的人总是等到生活给了他们一个狠狠的教训之后，才开始怀疑自己，不得不接受被迫成长的事实一个人是主动成长还是被动成长，完全取决于认知但是，但凡有一次，他因为坚持自己的想法和做法，真的感受到了不一样的结果，感受到了多一分的自由，那么他就会把主动成长这件事当成一个习惯，不断地给自己找任务，突破自己的心理极限，做出不一样的事情,0.999999999892577
38,2019-09-13 22:05:37,如何走出失去妈妈的痛苦？,匿名用户,眼泪总是不受控制的跳出眼眶，临近成年的我，却好像还是好久好久以前的那个小孩子，可是没有人把我抱在怀里了妈妈最不喜欢我哭了，常常跟我说，哭没有用19913晚“一个人活着，都是被期待着出生的，有人讨厌他，自然也有人喜欢他，不管讨厌他的人怎么说，都是假的，一个人总会被别的人喜欢,0.9999997399952268
39,2019-09-17 22:36:58,成长，就是独自抗下所有的痛苦和绝望,袁大岛,主动的成长，会经历许多挑战，这些挑战之中，没有任何一种是友好的，这些挑战会折磨你的心智，会让你明白人心险恶，会让你看到改变的动力，不仅仅是对生活的“不服气”，会让你明白，你不强，别人永远不会看得起你，更会让你理解，人这辈子只有靠自己，才是真正的“靠得住”被动的成长，则会用另一种方式来告诉你人生不是一场游戏，所谓游戏人生，只是昙花一现的美梦，因为人生中绝大多数的选择，一旦选错，都要付出严重的代价：你想游戏人生尽管这些痛苦和绝望让他们饱受煎熬，但是这种代价，也会让他们面对生活，面对自我，有着比曾经更为智慧的感悟：成长，让一个人活得越来越熟练,1.0
40,2019-09-19 21:08:04,有没有一种人分手后不吵不闹，情绪都自己忍受，做到不主动联系对方，自己忍着直到痛苦消失？,Rooney,自半个月前分手，我没有跟别人骂过他，也没有发信息骂过他，其实我打心里也不怪他，同样我也不希望在别人嘴里说他不好，也不希望别人去评价我们的感情我刚失恋半个月，从没有纠缠，除了知道分手的当时有点崩溃，表现出了暴躁我接受了现实，虽然现在还会听悲伤的歌曲，夜里还是会偷偷的哭，我也没有在朋友圈发过一丝悲伤矫情的文字,0.9999958116181535
41,2019-09-20 12:04:06,你们失恋都是怎么熬过去的？,苦恼的大射手,别怕，这会让你变得更好，我也有过这样的经历，目前正在走出来中，前女友提分手，2个星期后和我最好的室友在一起，我坚决执行了断联，没有怨恨，但痛苦，不过不断告诉自己要找回自己，内心足够强大的话一切都无所畏惧送你一首最近看到的小诗，很喜欢有些传奇离我们很远，可是选择做一个勇敢的人，很简单，只要豁开胆子，向前迈一步我喜欢勇敢的人，因为，在剧烈激荡中，他们始终眼里有光，心里有方向坚信自己要做的事情，不必在乎眼前的利益，坚持做对的事，再缓慢、艰难都没有关系,1.0
42,2019-09-22 05:54:40,人为什么会沉迷于痛苦，对痛苦上瘾？,Tianxi,无法实现的希望就是痛苦的源泉，希望本应带给人们愉悦与幸福，可是当希望太过于脱离现实，人就会不理性的把那种痛苦误认为是希望的象征绝无可能成真的愿望，最终就会变成令人沉迷的痛苦，于是痛苦变得美妙起来那是感情的失调，就像一个失眠太久的人看到清晨的光才会觉得困,0.9999999280034048
43,2019-09-27 22:46:02,失眠者一定要走出恶性循环,睡眠大侠,身体痛苦减少，人焦虑又会更小这时，人就会进入良性循环，好上加好，不知不觉，人就走出了失眠焦虑使失眠者身体痛苦很多失眠者会对身体的痛苦很焦虑，并不是因为身体本身问题严重，而是他太害怕失眠了，他因为害怕失眠而增大了对身体症状的焦虑,0.9999999994563722
44,2019-09-28 09:53:05,一直很自责自己所有的失误 走不出来怎么办？,两桶泡面,人的脑袋每天会产生65000个想法，你的一两个负面的想法只是其中一个，根本不值一提当你发现自己有负面情绪时，要冷静客观问自己这是真的还是假的，要以最客观的角度去看待它，如果是真的，就接受它，不要过多地关注，不会发生任何你觉得不好的事的我们的脑袋是最厉害的编剧，它会编造很多假象让你以为是真的，不要被它骗了,0.8891888285587202
45,2019-09-29 14:39:07,人真的会选择性遗忘吗？,酸奶姑凉,普通人经历了不好或者让你有点崩溃的事之后果然是会选择性遗忘的：我就是选择性遗忘并且主动性不去记起一些事和人捂脸，虽然那些事和人客观上是存在的并且严格意义上我并没有忘，但是好像变成了一个个迷糊的光点，被藏在了一个很深的角落坏事情已经经历一次了，身心也被摧残过一次了，实在不想再想起拿出来折磨自己一次了，这好像没错啊捂脸可可可可可可是，这是一种病吗,0.9810472838868955
46,2019-09-29 23:45:42,没经历过痛苦的人，不会知道自己有多大潜力,袁大岛,你没有逼自己去迎面对抗痛苦，你永远都不知道自己有多大的潜力，在痛苦之中，选择坚强，选择改变，然后通过这些变化去完善自己，提升自己，那么逼自己一把的结果，就是你在痛苦之中所领悟到的人性秘密：这无法保证你必定成功，但却能揭示你因何改变回到我们与痛苦的关系，在与痛苦的对抗之中，没有退路，那么前进，便是最好的选择，如果一个人一直用懦弱的心态去面对痛苦，那么其结果，就是那句俗话所说的一样：痛苦像弹簧，你弱，他便强这两种人的声音，会让人们担心自己生活的价值，但同时，我们也听说过，很多人不惧痛苦，敢于面对痛苦,1.0
47,2019-10-05 01:07:00,听过最虐心的一句话是什么？,俞若若,第二，分手了的确是不该去打扰，但是我想在双方都没有新人的情况下再去努力一把也是一件好事，哎呀大家先别喷我，我先说好我会不对他带来骚扰（别再说什么我怎么知道分寸，起码在一起过这些事情的度还是把握得到的），第三呢是跟大家解释一下分手原因吧，其实也是我一直作一直发脾气，用难听的话说了他才闹到现在这样的，其实一年的相处过程中我让他很累很累了，他一直都在包容我，因为跟我吵架自己一个人哭过，在绝望之后会主动跟我说好好一起走下去，我相信他是深爱过我的我喜欢他是我的权利，我终究是相信有志者事竟成、念念不忘必有回响的吧，希望在未来一段时间里面关系可以慢慢的改善一点虽然知道大家都不喜欢我作为女生那么卑微啦，但是我不会再死缠烂打呀什么的，下定决心这次就好好干吧然后我看到评论区说分手了就不该去打扰啊、他会不会有其他女朋友啊什么的问题，那我就统一回复下哦（我每条评论都有好好看的）第一，我跟他处在人生的重要关头，最近是没有能力和时间开启一段新的恋情的了，这点双方都有共识，所以不存在有新欢的问题手打一条不平均的分割线突然发现自己居然是点赞数和评论数最高的回答，真的是受宠若惊，谢谢大家对我这个陌生人的关心啦（鞠躬十二月二十一号，距离他说出这番话已经是两个月又二十一天了，记得那么清楚的原因是因为那天刚好是十月一号哈哈哈，两个多月来其实想了很多很多，也一直都在质疑自己的感情到底是什么,0.999999975553599
48,2019-10-09 07:23:35,人为什么会沉迷于痛苦，对痛苦上瘾？,匿名用户,心理上的痛，是人感受自己还没被世界抛弃的必要条件我知道这个世界上有很多人是可以把痛苦咽下去的，他们都是伟大的人，拥有自我消解的能力生理上的痛，是人感知自己还活着的必要成分,0.9999999600820515
49,2019-10-11 15:34:07,世间最煎熬的事情是什么? 你经历过什么事情最煎熬呢？  ... ... 大师兄？,匿名用户,赚着不高不低的工资，在二线城市有一套房子，在北京不知道能不能落脚，都有回家乡发展的打算，但迟迟动不了身，在现在的城市里租着房子，做着二三线城市还没发展起来的工作正因为在一线城市工作，思想开阔了一点，知道养孩子，教育和资源的重要性，反而不敢生孩子，怕给不到良好的教育、怕他们落在了起跑线，怕自己都没过好如何指导和教育孩子这两年反应过来该考个更高的学历，但被房贷绊住了脚，手上暂时还挺拮据，不敢换工作，想去欧美发达国家旅游，转眼一想这个钱还能做更有意义的事儿，但工作忙着忙着一年过去了,0.9999996929503928
50,2019-10-15 13:25:34,痛苦敏感度和耐受性 - 于飞,于飞,另外，对风险和痛苦的耐受性也是可以退化的，就有一些朋友，一遇到不舒服就回避，久而久之，脱离现实生活，陷入主观想象的虚妄世界里，形成各种各样的心理问题，脱离现实客观情境，主观得感到抑郁、愤怒、焦虑或恐惧，并产生一系列的心身症状大部分心理障碍的形成，是在一开始遇到了现实的人际关系、情感、学习或工作的困扰，一时无法面对和解决，产生了回避和抗拒倾向，试图控制和消除自己的负面情绪感受和心身症状，回避并持续关注、放大风险和痛苦，陷入了回避的恶性循环，越回避越失败、自卑和焦虑，越焦虑就越回避重视小的改变，小改变的积累可以带来质的变化，一步一步的面对、理解和接纳自己的负面情绪和心身症状，循序渐进的去面对、解决或接纳现实生活中的实际问题，慢慢的增强现实感，降低自己对风险和痛苦的敏感度，提高耐受性，在现实生活中追求自己想要的，并且有一定的能力承担风险和痛苦,1.0
51,2019-10-15 14:35:56,不想读大学了，大一，呆在学校里特别难受，痛苦和压抑，坚持不下去了，怎么办？,pakho,我和你一样每分每秒逃离大学但退学了能干嘛我父母尊重我的意见我天天哭真的难受死了,0.7168067074816716
52,2019-10-16 16:08:33,所有的痛苦都是因为钱吗？,温酒,不想，你就没有破绽不是因为钱，是因为你想要更多的钱赚多赚少看老天，吃多吃少看口福，左手老婆右手娃，前脚游戏后脚家,0.013340699841410508
53,2019-10-17 10:44:09,和前任分手半年多了，还是痛苦，还是想她，走不出，怎么办?,皓月晴空,你对她的一举一动都猜，奢望她还会留恋你们的感情，可能她不幸福，你还有机会去挽回她不看不念不想2、深夜无法入眠，最好的方法是运动去跑个一小时，把自己累趴，我保证你晚上睡得很好大道理也不想讲那么多了，有几个方法，本人亲试过有效，希望对你有帮助：1、如果控制不住自己的手贱，去看微博之前，对自己说洗洗睡吧，或者延迟去看的时间,0.056918025615774304
54,2019-10-17 11:03:17,和前任分手半年多了，还是痛苦，还是想她，走不出，怎么办?,优爱学院,积极的重新发现自我，对于刚恢复单身的你，可能会带来积极的情绪和个人成长，所以尝试着投入到愿望清单中去吧开始你的健身计划，培养新的兴趣，展开工作上的新领域，报名体验性的活动，参与学习性的工作坊或者学术会议，这些都是重新发现自我的活动哦四、分手也并非是一件不好的事情每个人的裂痕最后都变成故事的花纹，所有的分手都有快乐的理由，在爱情的胡同种苦苦挣扎放开了手，或许是一件好事，毕竟分手确实会给我带来一些好的变化2、成为更好的伴侣分手后的你也许会发现，自己以前总是很快投入一段感情，冲动盖住了理智，现在觉得下一段感情中慢一点可能会更稳妥周全些你可能会强烈的渴望爱情，并且因此陷入焦虑、烦躁、愤怒、等一系列痛苦的负面情绪当中，甚至产生冲动行为，有些被分手的人甚至会走向极端，甚至做一些侮辱人格和伤害身体的一些事情，来挽回对方,1.0
55,2019-10-18 09:42:42,所有的痛苦都是因为钱吗？,妄明,”答案出来了，痛苦的根本不是没钱，而是没钱让人难以维持现实的社会关系没钱不是痛苦的原因，有钱人想过没钱人的生活，没钱人想过有钱人的生活所以，回到本质，大部分人的痛苦不是因为钱,0.007650287847660198
56,2019-10-18 15:42:28,每天都过的痛苦的人为什么还能哈哈大笑面对所有人？,声昔APP,可能是因为这样：,0.5262327818078083
57,2019-10-19 20:42:07,分手了经常崩溃怎么办？,医学僧,如果你想听实打实的话我会说，隔绝所有与对方有关的事，给自己定好目标，忙起来，认真起来，你会发现其实不过就那样不要怪罪任何人时机不对罢了不好的东西都会过去的，还有，记住你是被爱的都说时间与新欢都是良药，而我却认为时间太长新欢是毒如果你想听道理我会说时间不是药，但药在时间里,0.8447185601180809
58,2019-10-24 09:00:06,如何摆脱痛苦？,无名,无常是这世界上一切痛苦的根源，试问，这个世界要是不会发生改变，那么你还会痛苦吗因此摆脱痛苦的方法其实很简单，说来也并不复杂，那就是解决无常问题自然就没有痛苦了假如这个世界不是无常的，是有常的，你贪恋的东西不会随着时间而消逝，是不是自然就没有痛苦了,0.9999999987813193
59,2019-10-24 09:56:56,当我真正开始爱自己,艳阳天,当我真正开始爱自己，我才懂得，把自己的愿望强加于人，是多么的无礼，就算我知道，时机并不成熟，那人也还没有做好准备，就算那个人就是我自己，今天我明白了，这叫做尊重我当开始真正爱自己，我不再继续沉溺于过去，也不再为明天而忧虑，现在我只活在一切正在发生的当下，今天，我活在此时此地，如此日复一日当我开始真正爱自己，我明白，我的思虑让我变得贫乏和病态，但当我唤起了心灵的力量，理智就变成了一个重要的伙伴，这种组合我称之为，心的智慧,0.9999999999917819
60,2019-10-24 09:57:10,真正的认知升级，从拥抱痛苦开始,富叔,每个人都会遇到人生中的迷茫时刻，所谓迷茫就是你陷入了即有的认知模式，不断的循环，永远无法脱离当前的困境所谓单环学习，就是指每个人从小到大逐渐形成了一个认知框架，在成长的过程中不断丰富这个框架，一旦遇到问题，就会自然而然使用这个已知的认知框架解决问题这种认知越狱，会让你更加清楚的看到自己原有的认知模式，站在一个更高的维度去看待自己遇到的问题,0.9999999999994378
61,2019-10-24 11:17:20,每一次刻骨铭心的的痛都能让你快速成长！,含蓄的天才,那天他发表了朋友圈，为自己的书打广告，我很震惊，没想他居然这么才华，出版了自己的书，后来了解到，他说，两年前，小说的那句话他现在都还记得每当他反复地看着别人写的文案，很累，坚持不下去，想要放弃的时候，都仿佛能听到小的那句“这么烂的文章，还好意思叫我们转发”萦绕在耳边然后便去洗把脸清醒一下，泡杯咖啡继续阅读做着笔记文章就好比是她的孩子一般，在自己眼中成绩，和表现都非常出色的孩子被别人贬的一文不值，那种感觉没尝试过，或许真的难以体会自那之后，小非常勤快，每天都会看各种大咖写的文章，然后做笔记，废寝忘食，很多个早上醒来，都能看到小发在朋友圈的文章，时间显示凌晨2点两年之后，他的粉丝多了起来，出版了自己的书，受到读者的一致好评然后接下来又连着发了两个鄙视的表情小天生就是个不讨人喜欢的人，对待朋友也是冷嘲热讽，见不得别人的好，就别谈会伸手帮忙转发了小本就是个自尊心比较强的人，在看到自己花了很长时间写好的文章，并修改了好几遍之后居然被小说的那么一文不值,0.999999915313612
62,2019-10-24 23:43:52,读研究生跟了个很垃圾的导师是怎样的体验？,匿名用户,真的是让人怀疑人生就在今晚，真的好想吐槽死他，，，，太垃圾垃圾了真的是遇到问题让去找师兄师姐们，可是师兄师姐们解决不了，去问他，结果让你拉去给大老板们讲，肯定是会被挨批的，真的不知道他怎么想的，，，，，天呐，我这才开学几天都快抑郁了，，，每天都想退学，，，，生活没有一点阳光，，，这样一个不能给你解决问题还给你落井下石的老师有用，我他妈交学费是干啥吃的，卧槽炸了炸了，，，我也没什么学术追求了我现在只想好好的活着就好，什么奖学金，文章什么的我不要，也不想要了，我就快乐的混完三年就行了，，，不想受折磨了,0.0010943580597432279
63,2019-10-26 11:19:41,当我开始爱自己 （卓别林）,Judy Zheng,当我真正开始爱自己，我才懂得，把自己的愿望强加于人，是多么的无礼，就算我知道，时机并不成熟，那人也还没有做好准备，就算那个人就是我自己，今天我明白了，这叫做尊重当我开始真正爱自己，我不再继续沉溺于过去，也不再为明天而忧虑，现在我只活在一切正在发生的当下，今天，我活在此时此地，如此日复一日当我开始真正爱自己，我明白，我的思虑让我变得贫乏和病态，但当我唤起了心灵的力量，理智就变成了一个重要的伙伴，这种组合我称之为，心的智慧,0.9999999999917819
64,2019-10-26 11:52:43,爱（亲）人突然离世，无法承受失去之痛，走不出巨大的悲伤怎么办？——写给所有因此而悲伤痛苦或抑郁的生命,童童,爱与恨，喜与悲，得与失，我们每个人都会或早或晚经历这样的生命内容和课题，经历得到，经历失去，经历喜悦，经历痛苦，经历悲伤，经历欢乐，经历爱，经历恨，而所有的这些，都不及生与死带来的体验深刻，有时，它可以彻底改变一个人的生命轨迹当至亲或至爱的人意外离世，给生者带来的冲击很大，那是对生与死的强烈冲击，发现什么都无法留住，鲜活的生命突然消逝，觉得一下子失去了活着的全部意义很多的爱和成长，是从失去后才开始懂得，才更容易感受到，其实看似平凡普通的每一天，都很不寻常，每个人的生命，都无比珍贵，值得好好珍惜,1.0
65,2019-10-27 12:50:22,喜欢上有妇之夫，但我绝对不会做小三，但是你明白我的难过吗？,匿名用户,他可以为了枕边人删除心里人无数次，却不会为了心里人删除枕边人一次枕边人一直是枕边人，心里人最终变成了路人,0.0013065711203735786
66,2019-10-29 23:30:17,一次痛彻心扉的失恋让自己成熟了,fannycoco,虽然这是一段过程和结果都不是很美好的恋情，但我并不后悔，并且对你只有谢谢或者感恩吧，谢谢你让我知道什么是爱，也谢谢你让我内心更强大现在我明白了，如果对方能做到长时间不联系你，不闻不问，不理不睬，无端抱怨你很烦，那就是他不爱你了，不要单方面给他做任何解释我现在可以对外人正常、客观的表述这段感情经历，也可以理智的清楚你没说出口的原因,0.7010748821238436
67,2019-10-30 09:01:37,尼采|痛苦是保持和促进人之本性的头等力量,哲学未道,损失仅为一时性的损失罢了，我们一旦受损，便有某种馈赠自天而降，比如一种新的力量，比如仅为获得力量的契机，这也很好道学家对我们这些“恶人”的心灵“痛苦”瞎想些什么呀对于热情之人的“不幸”又胡诌我们什么呀是啊，欺骗在这里才是正题：他们明知我们这类人多福多欢，却对此讳莫如深，因为那样有悖于他们的理论真的人们不应拒绝他们的辩白痛苦是保持和促进人之本性的头等力量，纵然他们是通过节制安乐舒适、毫不隐讳地厌恶欢乐才具备这力量的按照这理论，一切幸福的源泉在于灭绝激情，剪除意志末了，关于这些心理医生的良方以及鼓吹的彻底、艰难的治疗，我们不禁要问：我们的生活果真如此痛苦、不堪负荷而不得不用禁欲主义的、呆滞的生活方式取代才行吗,0.9999999999999638
68,2019-10-31 07:08:43,我的一生是不是全毁了？,匿名用户,我吃榨菜稀饭，住狗窝，那也是凭我自己的本事过日子很多人都不靠父母买房的可是人家再婚了，也和我明确表达不会给我任何财产和房产,0.10430760445947729
69,2019-11-01 14:27:51,勘察设计行业工作都很煎熬吗？,攻城狮,现在很多从业者确实坚持的很辛苦、很累，勘察设计工作已经是一个需要兼顾体力和脑力的行业了，像干设计的，基本工资很低，主要靠项目奖金，国企还好一些，能够及时兑现，当然也有个别的无耻国企单位，就像被爆出的中字头某设计单位更有一些私人老板，年底随便找个理由就可以随意扣减奖金，甚至不发，更有甚者，奖金拖上一年多才发，导致很多人有怨言又不能随意离开，只能默默忍受搞技术的确实出力不讨好，而且在现行的各种政策下，担的责任还很大，趁年轻搞几年技术就行了，多认识些朋友，积累点关系，考下证书，赶紧转型管理岗位或者经营岗位,0.9955141916081952
70,2019-11-04 11:44:37,《丈夫得了抑郁症》：“如果痛苦的话，就不要努力了”,精读君,当你面对难以完成的工作任务，感到沮丧时，一个声音会在脑海里煽风点火：“你真差劲你什么都做不好你就是个废物你完蛋了”于是，除了现实的痛苦之外，你还要遭受自我评判带来的折磨寻求解决方案在处理感受、停止内耗并提出了一个正确的问题后，我们会在理智的引导下寻找解决方案，并做出甄别判断，最终选择一个可行的方案朋友说，自己最近压力很大，有时候明明什么都没做，但就是感觉特累：容易疲劳、注意力不集中、反应速度下降、记忆力变差许多职场人都有这样的体验，明明每天都是坐上了一天班，却感觉像是跑完一场马拉松,0.9999999856835433
71,2019-11-04 17:35:33,如何忘记伤害你的人?,秋秋,以前的事情已经不能改变，我们能做好的事就是做好当下愤怒的情绪除了给他人警告，让他人停止不好的行为以外，没有什么其他正面的作用，让自己受伤不值当，尽量调整一下心情自私的人就是自私，坏的人就是坏，就像讨厌的蚊子一样是存在的，我们也没必要因此而纠结于阴暗面，多想想生活中的美好真正的勇士敢于直面黑暗，不想总面对那我们就去光明的地方除了顶端的个别人，每个人都有被欺负的时候，谁人生还能没点挫折呢前事不忘后事之师，以前的事情给了我们经验教训，却不是让我们念念不忘伤害自己我经常这个样子，想起来别人对自己不好的事，觉得自己为什么没有怼回去,0.9999996015405503
72,2019-11-13 14:08:29,回忆过去，只记得那些痛苦的记忆，快乐的记忆却想不起来，如何面对过去的痛苦回忆？,郑州大午心理,可能你的痛苦的经历在心里放的太大了，被黑暗的情绪遮挡了双眼，以至于没能发现生活中细细丝丝的甜《奇葩说》里有一句非常经典的对话，柏邦妮问：“心里有很多苦的人，需要多少甜才能把它填满在我成为咨询师的前几年，那时我还在上学，是个普通的悲观主义者，每次心情不好，总会从幼年时开始回忆，一桩桩一件件的委屈，一次又一次怀疑自己是否值得被爱，怀疑人际关系的信任感，怀疑自己的能力，一次又一次给自己确认要做一个冷漠的人,0.9999906346049305
73,2019-11-18 09:37:20,喜欢上有妇之夫，但我绝对不会做小三，但是你明白我的难过吗？,李力菲,其实喜欢一个人很正常，无关他婚否，只是未婚的话你大可以放心追求，已婚的话就别打扰了，喜欢他并不是要得到他啊，电视剧里不都说真正喜欢一个人是希望他幸福嘛，衷心祝福他家庭美满，不正正维护了他在你心目中那个正能量、幽默的完美人设吗我想他对你好，可能出于他的修养，他的阅历，他的世故，所以他不会对一个女孩子有过多的苛求，不会像一般男生那样嫌弃你胖，也许，他也嫌弃你胖，出于礼貌并不表现出来，反正也没想过追求你，又已婚，何不做得体面一点来支撑他爱家爱老婆对同事又的人设或者你发现其实他没有那么正能量，鼓励人的话都不是出于真心的，你会不会更难受,0.9999999997312001
74,2019-11-20 10:47:16,历史上有那些称的上地狱的真实故事 或者现在生活中的？ 又是什么人创造了这个地狱？存在目的又是？,不友善,有太多杀人的理由和被杀的原因了，还可能就是运气不好，遇上了瘟疫饥荒咱不谈集中营，宗教裁判所，诏狱，渣滓洞白宫馆这种专门上刑的地方，他还不去19世纪欧洲的精神病院，从电击到水刑，他们把这叫“治疗”军队拿人肉当军粮都不新鲜，五胡乱华时的羌人军队掳掠汉人妇女，白天做工晚上奸淫没军粮了就杀了吃掉,0.24601489581395541
75,2019-11-23 11:12:07,怎么才能开心起来，我对生活要绝望了?,SelfKing,当然，由你的来信中，很容易想见你部分的心情，你表达的能力并不弱，由你的文字中，明明白白可以看见一个都市单身女子对于生命的无可奈何与悲哀，这种无可奈何，并不浮浅，是值得看重的你有一个正当的职业，租得起一间房间，容貌不差，懂得在上下班之余更进一步探索生命的意义，这都是很优美的事情，为何觉得自己卑微呢我会将房间粉刷成明朗的白色，给自己在窗上做上一幅美丽的窗帘，我在床头放一个普通的小收音机，在墙角做一个书架，给灯泡换一个温暖而温馨的灯罩，然后，我要去花市，仔细的挑几盆看了悦目的盆景，放在我的窗口,0.9999999561581961
76,2019-11-25 11:06:51,受不了家附近的火车鸣笛声怎么办？,老五,你太天真了吧，把你家拆了估计也不会改道不鸣笛安全生产鸣笛要求，鸣笛信号谁敢忽略，司机扣了工资你赔买房的时候，觉得便宜，买了住下以后，忘记当初为啥买这里的房子了,0.0005898826457811923
77,2019-11-25 12:09:56,受不了家附近的火车鸣笛声怎么办？,美少女壮士,如果只是晚上的话肯定不会二十多次鸣笛找个工作去上班，晚上戴消音耳塞会好很多，周末多出去走走，就算不跟朋友吃饭逛街看电影，也可以自己一个人去图书馆火车道是死的，人是活的呀用我妈的话说，活人还能让尿憋死了题主你不上班不上学的么,0.4607322576113396
78,2019-11-25 21:14:12,为什么每次跟父母打电话就很痛苦？,shmily,以前初中，高中的时候，但凡有一次考试不好，没达到他们的预期，他们不会安慰我，只会嘲讽我，说这样才能有前进的动力，（不行，又要哭了），所以现在只要他们给我打电话，我内心就会很拒绝也不知道在什么时候，不喜欢和父母打电话了，从小到大，父母对我都挺好的，但是最让我伤心的是，他们不理解我，从小事到大点的事情，没有一件事情理解过我但是这件事好像有点难,0.7930418612697199
79,2019-12-01 23:09:00,活在巨大的痛苦与自责当中,心理咨询师夏伟,现在所有的不开心、恐慌、忧郁、焦虑，都是过去的错误造成的所以，你们一直以为，自己现在的痛苦是过去错误的决定造成的很多人都在懊悔自己过去人生当中的几个重大决定，让自己活在巨大的痛苦与自责当中,0.9999522779310744
80,2019-12-04 15:29:50,荐书 | 接纳承诺疗法(ACT)：跳出头脑，融入生活,一隻鹿,”图片来源：主要通过六个核心流程来构筑心理灵活性：接纳自己的一切（面对自己的消极情绪、想法或是身体的不适感，愿意主动体验而不是回避压抑）认知解离（当出现一些负面想法的时候，不带评价地观察它们，而不是忙着给它们贴标签）保持正念（能够主动地将自己的注意力投注于当下外部世界或者是内心世界正在发生的事情，而不是沉浸在已经过去或是还没发生的事情上）以旁观者的角度观察自己（对自己的当下的意识活动保持关注）找到自己最为看中的人生目标承诺采取行动来实现自己的核心目标2019年4月，由中科院心理所祝卓宏教授牵头的第二届峰会在北京圆满落幕创始人海斯教授时隔27年之后再一次轻轻地来，又轻轻地走了，挥了挥衣袖，在江湖上留下了“跳出头脑，融入生活”的传说图片来源：网络海斯教授在课程中接着给出了他在《跳出头脑，融入生活》一书中的一个小练习：练习：痛苦没了，然后呢在海斯教授已发表46本著作中，《跳出头脑，融入生活》（）一书被《时代》杂志评为最畅销的心理自助书籍，风头最劲时曾一度盖过了《哈利波特》,1.0
81,2019-12-09 11:16:35,怎么让坚持一个事情没那么痛苦？,孙玲在美国,针对同样的事情例如学习英语、减肥、坚持运动等等，当你你亲眼见过一些人做到了甚至，你亲眼见过一些你知道确实有缺点的人竟然也做到了你的镜像神经元被刺激：你行，那我肯定也行所以当你与优秀的人或者已经拥有“你想要的技能”的人在一起的时候，你就会不由自主地发现或者感受到那项技能是很自然的，很实用的，没有它是根本不行甚至是完全不可能的当你决定去学习某个技能的时候，请静下心来从这两个方面去分析，找张纸和笔，罗列出去做这件事的意义和没有它的负面意义，最后再去多多接触拥有这项技能的人或人群，其实，真没所谓的坚持啦虽然希望看到多点人的正向反馈，但是，即使最后没有一个人去读，没有一个人告诉我这些东西有用，我也会坚持将这个事情做下去，这些外界因素是阻止不了我去做这个事情的，谁也不能阻止我做自己喜欢的事情,0.9999999999999798
82,2019-12-13 17:46:36,如何忘记伤害你的人?,简单心理,如果生活当中真的没法找到一份真挚的爱也在回忆中搜索不出半点暖意，可能就和明玉一样伤痛太重太多了，满满的恨无处安放，只能找个合适的心理空间封存压抑着，交由时间慢慢消化，亦或找个信任的人（如专业的心理咨询师、暖男、良师益友）一吐不快，慢慢陪着清空然后再忘记吧本文作者：魏丽芬，西北大学哲学学士，简单心理实习咨询师，国家二级心理咨询师（以上节选自哀悼与抑郁理解为陷入僵局的哀悼一文）最近听布莱克曼老师讲他的观点也一起分享给大家如下：如果一个人他想成功地去哀悼一段丧失，那么他是需要跟一个关心他的人去谈这段失去的关系，他不仅要谈他已经失去而且他非常想念的这种关系当中好的事情，这个人的好的地方、同时也要去谈这种关系，让他感觉到不爽的地方，把他憎恨的地方，这些不好的事情我想每个人心理都有一个期待就是能够被公平、公正的对待自己，至少不是没来由的冤枉的，在没有做错的情况下却被责怪，自己会有一种被深深的忽视的感觉,0.9999999999999998
83,2019-12-15 23:02:23,被出轨者自救指南---接受了被出轨之后，还有什么痛在等你？,小蜂蜜,102511251215，刚好一个半月，除了有时觉得心疼婆婆，有时想到爷爷奶奶还不知道，他们今年过年刚好要过80大寿，想到我妈知道了，肯定伤心比婆婆更甚但这些，都是外在的痛苦，我想哪怕就我一个人，我也要开开心心回老家给爷爷奶奶过寿，而且现在想到那个场景，是发自内心的开心的算是亲自实践吧，哈哈，痛苦的时候，就去观看一下那些痛苦的形状，叫出来它的名字，真的是收服它们的第一关发现他出轨后，也不应该去篡改过去过去也无法篡改，就像我没办法回到他出轨后回来的那个农历年假期，去做点什么不一样的选择一样,0.9999999634587535
84,2019-12-17 22:36:17,没有经历过的人，是不是对于某些带着痛苦的文字无感?,爱帮忙的老王,小说中的文字并不华丽，好像只是很平铺直叙的在述说一个人几十年的人生经历然而，多数人阅读时的感触都是类似的，那就是从中读到了无尽的伤悲和痛苦每个人都或多或少的具备一些同理心，只不过因为原生家庭、教育背景以及个人性格等原因，表现出来的程度不同相信很多朋友看过一部小说，看完都会被其中的文字深深打动、甚至可以说是震撼到,0.9999999999999978
85,2019-12-20 02:38:54,请用一句话体现你的痛苦？,南衿姑娘,我日日熬夜，希望死于一场意外这是一个抑郁症患者写下的话，但我想说世界很美好，可以物喜，可以己悲，淌热血，有热泪，星河倘徉，一路有光尘世喧嚣，如果不开心，那些约定俗成的规矩大可不必遵守，不必献媚，不必讨好，更不需违心阿谀奉承世间本无事，放宽心，从容不迫，去留无意看云卷云舒,0.9999999999941587
86,2019-12-23 18:58:31,痛苦是错误思想的结果,丁一,（尼尔唐纳德沃尔什《与神对话（第一卷）》）你无法改变外在事件（因为那是你们许多人创造的，而你的意识还没成长到你能各别地改变集体创造出来的东西），所以你必须改变内在的经验（尼尔唐纳德沃尔什《与神对话（第一卷）》）真正的大师根本不会默默的受苦，而只不过显出没有抱怨的受苦的样子也因为如此，这个娑婆世界上的众生，才最能够成佛，因为生在天堂没有痛苦，没有刺激，天天在享福，众生也不想修道，用不著嘛生在地狱里，受苦受难都来不及，没有时间搞这一套,0.9999999998854463
87,2019-12-24 10:59:31,你们知道得鼻炎的痛苦么？,杨贝凝,（我用了大概一个月的样子，鼻炎就好了，到现在有大半年了，都没有复发过哦）鼻子按摩按摩鼻子可以快速的缓解鼻炎发作带来的不舒服哦，特别有效果鼻炎危害：1晚上鼻塞时间久了，导致张口呼吸而中断睡眠，导致休息不好，如果再工作的话，会影响自己的话不多说，给你们分享一下我治疗鼻炎的生理盐水一般药店里都有的卖，配合洗鼻器，用温水把生理盐水兑开，再用洗鼻器冲洗鼻子,0.9974912106440342
88,2019-12-25 01:20:31,2019 年最让你痛苦的事情是什么？,沈万三,借用京剧《三家店》里的一段唱词：“娘生儿连心肉儿行千里母担忧儿想娘身难叩首娘想儿来泪双流”,0.999972024992484
89,2019-12-25 18:22:02,解决痛苦的办法，是给自己更多更多更多的痛苦丨你为什么总在自我惩罚,简单心理,我们可能会误入歧途，做不明智的决定，甚至试图通过酗酒、暴饮暴食等不健康的行为来逃离内心的羞耻和挫败感，然后再用这些为由来对自我进行新一轮的愤怒和谴责，深陷入自我惩罚的旋涡久而久之，为了避免这些不愉快的后果，我们便会发展出自我惩罚的机制，来动员自己达成某个目标或应对某种情况，正如开篇的例子中正在减肥的朋友惩罚自己戒糖三天，不但可以让她更好地在减肥过程中克制自己的行为，更重要的是，这个决定可以让她因喝了奶茶而产生的懊悔感即刻减轻，不再被自我责怨的情绪所困扰”因此，惩罚或攻击自我的行为，在这种情况下反映的其实是一种绝境中充满痛苦的希望：为了能够避免或减轻来自外界的打击，我们为自己的遭遇找到了一个可以让我们更有掌控感的原因和解释错全在自己,1.0
90,2019-12-29 12:17:24,哪句话支撑你度过许多煎熬时刻？,雨汐屿琼,给生活一个微笑，道路还在继续，不管未来9“有一种信仰，并且只有一种信仰，我们可以用以抵达内心所期待的救赎，它应该是否定性的，并且可以同一切肯定的东西相对峙，是这个信仰使我们变得卑微，在这种关系中，连光与暗都变得不重要”《黑白》10那一天我21岁，在我一生的黄金时代，我有好多奢望，我想爱，想吃，还想在一瞬间变成天上半明半暗的云，后来我才知道，生活就是个缓慢受锤的过程，人一天天老下去，奢望也一天天消逝，最后变得像挨了锤的牛一样，可是我过二十一岁生日的时候没有预见到这一点3我野蛮生长没能成为自己的月亮能遇见你是银河赠送我的糖4对于他我没有祝福没有诅咒只有一句爱过后来才明白恋爱不是青春的必需品更何况在这个无能为力的年纪希望下一个和我晚点遇见时间和我都刚刚好我会长大的我的爱也是5“虽然辛苦我还是会选择那种滚烫的人生”6“即使以后不再同路，但能够与你并肩走一段实属有幸，一定要闪闪发光哦，在我看不到得地方也是”18“我们曾在高朋满座中将隐晦爱意说到最尽兴而我只看向他眼底千万人欢呼什么我不关心”19人向前走苦才会退后20再来一万次，我也愿意伸手去捧水中碎月，什么都是虚的，但是没关系21玫瑰在小王子离开的时候说：“我当然爱你，没有让你感觉到，是我的不对”,1.0
91,2019-12-30 11:11:21,为什么生孩子如此痛苦，却很少有人愿意选择丁克呢？,托尼,作为坚定的男丁克，我坚决反对另外一名答主直接把答案扣上不敢反对世俗的大帽子请先明白一个道理，不是人人都像我们一样都像我们一样不想要孩子的或者说，对，的确有本来不想要孩子但迫于压力世俗传统不得不生，最后凄惨结局的人，但是有不要孩子想法的还是少数大多数人，人家想要孩子，所以愿意忍受生育的痛苦，就这么简单就和没人愿意学习，但是为了好大学好工作不得不去学习一个道理子非鱼，安知鱼之乐不要把你的三观强行套在别人身上要求别人，这不正是我们丁克思想的人希望非丁的大部分人所能明白的道理吗凡是愿意要孩子的人就扣上屈服世俗传统的帽子，这和那些因为我们不要孩子就说我们离经叛道不孝的人有什么区别,0.999999999995153
92,2019-12-30 12:33:31,2019 年最让你痛苦的事情是什么？,泽菊,第二个月他不能走路，右半边手脚变形，我就推着推车带他去公园，博物馆，电影院，他还能说话叽叽喳喳的让我买这买那医学没有办法，我就寄托于玄学，我想给他戴红绳保平安，他却很认真地拒绝并教育我妈妈，带红绳子没有用，乐山大佛说多吃饭才能长大第三个月他不太能说话，只能说简单的爸爸，妈妈，外公，吃饼饼，吃奶酪棒,0.9998555703922888
93,2020-01-04 15:04:42,痛苦的根源在于“执着”,丁一,草薙龙瞬认为产生这些烦恼的根源就是我们“心灵的反应”在日常生活中，我们确实时刻都在做出各种“反应”：不断思考草薙龙瞬指出，在佛教世界中，人们常常认为痛苦的根源在于“执着”总觉得“自己是个没什么用的人”，因而陷入沮丧情绪（日草薙龙瞬《佛系：如何成为一个快乐的人》）,0.9999999999999325
94,2020-01-05 23:14:19,为什么生孩子如此痛苦，却很少有人愿意选择丁克呢？,菜妈和钱爸,生孩子很疼，但是为啥丁克的人还很少所以再次证实，生孩子很疼跟丁克之间的没有直接联系当然是因为疼痛不是生不生孩子的主要影响因素啊你可以问问丁克一族，他们选择丁克的原因中，是因为怕生孩子疼而不生孩子所占的比例是多少,0.9742740762768216
95,2020-01-07 07:58:58,长了一张招人恨的脸怎么办？,咨询师裕悦,找到自己喜欢并且擅长的事，就去做啊当你成为某个领域的专家，你的核心价值体现出来，自然会吸引人脉得到别人的认可尊重3、与人交往人际关系的本质是利益交换因为外貌的原因，让你自卑，加上你没有发现自己的价值，也没人告诉你如何进行人际交往，你的痛苦可想而知感谢知乎平台，你能有机会提出困惑，也有人愿意帮助你，比如正在回答问题的我比如丑女钟无艳，因为智慧，还能成为皇后比如某些丑的明星，一样大红大紫2、找到自己的价值既然来到这个世界，你就要有所作为，发现自己的价值，不能白来一次认真回答以下问题你有什么优点,0.9999999999931928
96,2020-01-08 17:37:25,请用一句话体现你的痛苦？,Pluto,大学的时候，因为贫穷，我几近退学，我的母亲，她用力将脸上堆满微笑，在这个本就贫穷的山村，凑足了7000还多出了1000作为我的生活费我的母亲，她不曾言语，守在门外，有规律的敲门，一直到我说出冰冷带着哽咽的质问：干嘛我始终信奉一句话：”谦谦君子，卑以自牧”，这句话，正是母亲教会我的,0.9999999994611322
97,2020-01-14 11:27:05,这个方法可以让我们不再那么痛苦,贤书,整个的运作过程，大致是这样的，心接触了声音，抓取了这个声音，和它牢牢黏缚在一起，看到了老师阴沉严厉的表情，心抓取了这个表情，心和这个形象牢牢黏缚在一起，然后产生一系列的类似物理和化学反应的内心反应，恐惧、惴惴不安，害怕受到伤害，对即将发生什么的不确定，再加上身体站了好几个小时，体力严重透支这个方法可以让我们不再那么痛苦我的初中老师有个绝招，初一的时候，她看我太顽皮了，隔一段时间就把我叫到办公室，让我站在她的办公桌前，也不搭理我，自己干自己的事情，我这一站往往就是一下午，到了天黑或者快要放学的时候，我的心就崩溃了，没等老师开口，我就一把鼻涕一把眼泪得竹筒倒豆子一般把近期干的坏事都坦白一遍我的心又继续崩溃一次，泣不成声地说，老师，这次我真的改了,0.9999999996485649
98,2020-01-15 18:58:15,在很难过很难熬的时期，该不该放纵自己？,简单心理,如果你一整天都很不开心，或是挣扎在抑郁症的边缘，试着去问问自己这四个问题，对当下自己的状态进行评估是关爱自我的开始我相信，即使对于那些气候变化的否认者也会承认每天三十分钟的锻炼能够改善一个人的生活我坚信把事情写下来能够帮助人减轻焦虑，当然这也是一个解决问题的直接方式,0.9999831878105069
99,2020-01-16 11:02:09,哪句话支撑你度过许多煎熬时刻？,纸条君,我心中已经听到来自远方的呼唤，再不需要回过头去关心身后的种种是非与议论以上句子来自作文纸条，一个超有爱的作文大佬养成社区想轻松拥有3000句小众优质的名人名言，1300篇看完就能马上用的作文素材，就快去应用商店，搜索作文纸条下载吧余秀华15你那么憎恨那些人，和他们斗了那么久，最终却要变得和他们一样，人世间没有任何理想值得以这样的沉沦作为代价,0.9999999999999769
100,2020-01-18 18:16:51,在很难过很难熬的时期，该不该放纵自己？,奔跑的西西,通过朋友的经历，我也深受触动，之后遇到什么困难都多了一份自信和踏实，所以，最难熬的时候一定不要放纵自己，接受困难，找到方向，尽快解决问题，一定会有转折，甚至会有惊喜的爆发题主既然问出问题，可能心里已经有答案了，是的，就像印光大师说的：“心一放纵，诸不如法之念头，随之而起矣”，无论是怎样难熬的时候，一旦陷入负面情绪的漩涡，习惯性放纵自己的话，容易进入习得性无助的怪圈，之后再做任何事情都没有成就感和愉悦感这样坚持下来，结果出乎意料的好，后来朋友在一次线下分享会中结识了现在的合伙人兼男朋友，从0到1创业，生活充实美满，整个人魅力值提升良多,1.0
101,2020-01-20 18:06:13,如何看待“初级的爱，都是一种深深的束缚和缠绕，让人沉沦苦海！”这句话？,春天的故事,占有欲、控制欲强的爱是初级的爱相互扶持，相互理解和宽容的爱是高级的爱还有一种爱，为对方奉献和牺牲的爱不知道你觉得哪种高级你碰到一个初级的人，你将获得初级的爱，你碰到一个高级的人，你将获得高级的爱所以这就解释了初级的爱为何会让人“沉沦苦海”，因为初级的人爱别人只会去控制、去占有，去跪舔，去奉献，去牺牲那么对同一个人，初级的爱会进化为高级的爱吗,0.9999999999563634
102,2020-01-22 22:56:14,我想知道多少人像我一样年纪轻轻浑身是病？,简月,我吧，2020年的开始，十一点的一碗螺蛳粉和一口果粒橙引发的各种炎症肠炎肠痉挛紧接着例假不调炎症加宫寒然后胆囊炎肾结石肾结石掉在输尿管疼得半夜一直哭现在胆囊炎让我无法呼吸，只能特别浅特别浅的呼吸，没有合适的姿势入睡我才20岁，我真的有些累了大过年的，给家人添了不少麻烦和担忧沫沫一直陪着我不吃生冷辛辣油腻不熬夜多运动尽量不吃夜宵晚安,6.783083280170743e-06
103,2020-01-28 06:35:23,时间会抹去一切伤心难受的事情么？,匿名用户,但也有一些伤心难受的事情，可能是未尽的努力，错付的期待，无意的亏欠，却每一次想到都隐隐作痛大手术若是刀口巧妙缝合高超，也未见得会留疤，倒是我有一次跑得急在电梯上磕掉一小块肉，快十年了还是一个坑之前失恋的时候很伤心，时间过去以后，我现在已经想不起来当初是为什么那么伤心难受，也想不起来当时伤心难受的感觉是什么了,0.05029648404489151
104,2020-02-02 00:07:25,在你人生中最煎熬的时刻，是什么陪伴你走了下去？,刘程,不能死，那就活着，活着自然就熬过去了,0.6001221994497519
105,2020-02-04 15:22:45,漂浮的仙女,Judy小姐姐,有时候因为太痛苦，或锁眉颦蹙，或面无表情，我会尽量不做变化，因为变换表情也是需要牵动神经的，牵一发而动全身，一根神经的波动会引起整个大脑阵痛，我只想不要那么神经撕裂那是高二或高三午睡后的下午上课，依然是无穷无尽的噩梦，醒来后很久不能恢复，我匆匆赶往教室，在经历两三百米和两层楼的颠簸之后，我已经快要炸了，头疼欲裂堪比被念了紧箍咒的孙悟空，但我不可能满地打滚，也不可能崩溃大哭，那几年很难有人见到我哭，因为暴哭也是耗费心血，牵动神经的我一般会做出高冷或清冷的表情，似乎谁都没有看进眼里，其实不是我故意高傲冷漠，是因为我没法做处理太多信息，有时候我失魂落魄，完全没法反应，我不想做表情，打招呼带来太多肢体动作，我情愿独来独往,0.9999145202908526
106,2020-02-07 17:25:29,8年强迫症，为什么我接纳了痛苦，可还是这么难受?,重塑心灵李宏夫,针对这个问题，我把“亦止法”介绍给大家，帮助大家在生活中做到真正的接纳简单解释一下，“亦”是“就是”的意思，“止”是“不动、不变、停住、平静”的意思一个强迫症患病8年的患者问我（心理师杨辉）一个问题：“都说接纳症状，接纳了，症状就能消除了接纳的真正含义就是允许症状的存在，允许痛苦的存在,0.9999579890324682
107,2020-02-09 06:21:43,面对自私冷漠，生性凉薄的亲人该如何？,吖琼in lost,学会爱自己为主吧我是养女，一直以来我奶奶都说她们对我多么好，但是我明白其实我的学习资源是比不上我弟弟的，给我弟安排城里的学校，直接让我去农村中学，不让我弟弟干农活我很多时候想，也许就是因为他太算计人了，也都让他算计成功了，所以留下来的都是智商不中的人，事业才最后垮球，甚至连累别人的房子被银行扣实在是看透了他们的自私,0.9999993500879555
108,2020-02-11 00:50:53,你的痛苦来源于哪里？,渣米,王小波说人的一切痛苦本质上是对自己无能的愤怒不能再同意了,0.7707812074260755
109,2020-02-11 22:41:13,你的痛苦来源于哪里？,阿托品,当我的实力撑不起梦想，然而我还不去努力的时候，是我感到最最痛苦的时候,0.994951555561292
110,2020-02-18 13:05:15,你觉得人生中最痛苦的事是什么?,罗征,2，明明是别人的事，却总是打着关心或爱的名义去插手，让别人痛苦的同时，自己还不爽3，自己的事，却空想而不行动，烦躁不安前两种痛苦是认知问题，可以通过提升认知得到解决这世上只有三件事：1，自己的事，或者和自己有关的事2，别人的事，或者和自己无关的事3，老天的事，任何人都无法左右的事老天的事，不管我们是否喜欢，我们都只能接受事实，调整心态，不接受也没用所以痛苦就源于：1，明明改变不了的老天的事，一定想要改变，不接受事实,0.003310951826853703
111,2020-02-20 15:25:33,总是想起以前的事，很痛苦怎么办？,Impermanent,人之所以会因为过去都记忆一直感到“难堪”，多半不过是因为在自我为主角的视角里，放大了自己的场景细节，同时缩小了别人的“戏份”，以至于让“难堪”越发显眼和夸张2如果你能回忆起的别人的丢脸的细节，会在过了一段时间之后，还影响你对当下状态的认知吗事情会过去，人会变化，谁会为幼年牙牙学语时总是说不清的某个字而一直窘迫,0.9999999971511013
112,2020-02-20 23:18:31,失恋为什么后劲如此之大   求可以快速从中解脱的办法？,李龙渊,世间之事，大多是“失之东隅，收之桑榆”，看问题要用辩证的眼光，不要一叶障目不见泰山一个人要做好自己，那些真善美的人和事物才会靠近，那些假恶丑的人和事物就不容易近身有了这段经历，你更会知道：对你来说，什么样的人是正确的，什么样的人是错误的,0.9933886327806418
113,2020-02-21 08:19:40,你好，我想熬过去，能说一下鼓励的话吗？,小丸子没有樱桃,女孩子三观要正呀，善良是来自骨子里的，而脸蛋仅能给予视觉上的舒服，不适合的圈子不要碰，要学着独立，好好生活，好好期待人如果一直敷衍地生活，很容易觉得时间飞逝而自己一事无成，如果偶尔经历一些难熬的瞬间，就能稍微抓住些时光的痕迹如果这个世界对你不温柔，可以让我做你的世界吗,0.9999999996473956
114,2020-02-21 15:30:54,27 岁的儿子意外离世，我要怎么面对不幸和痛苦？,霰雨灂灂,别把我儿子丢在废墟里我从这位父亲的脸上读到了这样一段话：我们父子一场，本想一生为你遮风挡雨，然而灾难来的如此迅猛，地震带走了你，我无能为力，今生我记得你来过，我会用我的余生回忆我们父子的相守岁月我每次看都会流泪，父亲背着在地震中罹难的儿子徒步25公里回家，这张照片让我永生难忘地震发生时，他不顾生命危险赶往儿子所在的学校，可当他赶到学校时，只看到了儿子的遗体，他一言不发裹住儿子冷却的身体，缓缓背起儿子徒步走回了25公里之外的家,1.0
115,2020-02-22 11:29:56,你好，我想熬过去，能说一下鼓励的话吗？,热爱生活,我是一个农村孩子，当看到这句话的时候，我正在和老爸一块儿在地里干活（虽然只捧个人场，也不需要我干啥）我不知道你多大了，我不知道你在哪儿，不知道你在干什么，当然不知道你是谁，只是想给你一点力量，一点鼓励我感觉到了你的难过，你的压力，相信你一定能够坚强勇敢的挺过去，因为你问出这个问题就已经有抵抗的勇气了，你最棒图注，请忽略我的大粗手,0.9999964502416199
116,2020-02-23 17:54:45,如果一个人产生最大的痛苦，那么这个痛苦的来源会是什么？,雨纷飞,不论是你的原生家庭也好，还是失败的恋爱经历也好，客观事实无法改变，能改变的只是我们自己的主观意念，你怎样看待你的原生家庭，你怎样去适应你的原生家庭，你的原生家庭造就了你哪些优秀的性格凡事都有正负两面，遇事多从积极的正面去思考，就会减少很多痛苦，就会减少很多焦虑症及抑郁症的发生其实一个人的痛苦并非来源于客观外界，而是来源于自己的主观意念,0.9999999999974658
117,2020-02-24 19:11:32,我一想到长大和以后还要在这世界上生活下去就感到特别痛苦怎么办？,匿名用户,而且一直往前走会有一个临界值，前面可能很长一段都看不到希望，但是过了那个临界点你会慢慢爱上这种受虐的快感的加油哦此过程中学会适度的自私原则出厂设置，过程中可适度调优，且要盯着目标走不要被身边的障碍物吸引走注意力你还很小吧，我30多岁了，初期跟你一样一样的,0.9999999999959883
118,2020-02-25 13:39:46,在你人生中最煎熬的时刻，是什么陪伴你走了下去？,沈星禾,那个海边的户外活动后来发生了很惊险的事情，孤独的快艇，在海上飘摇的我一度认为我要死掉了，然而没有，我们后来顺利上岸，但是九死一生的极致体验中，莫名的，我感觉到2018的我已经在内心深处死去了，上岸的我是一次重新的复活首先是我的家人们，我爷爷2014年之前高血压脑溢血，至今已经无法生活自理，2018春节之际又突发胆管结石，做了支架手术，我寒假回家下了火车第一件事就是拉着箱子进医院看他我开始，昼夜颠倒，夜不能寐，但是我总是试图在寻找自我的慰藉，在那段日子里，我请求舍友们一日三餐要监督我吃，我每天会长久的洗一个澡，因为在温水流过身体的时候会让你的痛苦得到很大的缓解，除此之外，我醒着的时候一直在听音乐，各种各样的音乐，听到我的难过变得模糊，也算是一种排解,0.9999999999986076
119,2020-02-26 02:32:52,你在最痛苦的时候，都做了些什么事？,丫丫丫,我没有吃药（因为我记得我在上看过治疗抑郁症的药物会让人体会不到感情，我也不记得他说的是永久的副作用还是暂时的了，所以我不敢吃），然后接下来的一年内每一天的每一分每一秒都让我抓狂，很想谁能让我晕过去，把我治好了再让我醒来，那段时间知道跑步能让血清素增多，因为极度的害怕，我每天都去跑步，希望能让我感觉好一些，但是这个病没有人能告诉我能不能治好，也没有人告诉我我还要咬牙坚持多久，因为每一个病人的表现症状和预后都是不一样的，跑完步之后我有时候会感觉一种深深深深的绝望，就给一个网恋男友（这段关系只有一个月，是我当时觉得他懂不了我）打电话哭得撕心裂肺在此之前，大概因为我初中经历过的巨大伤害，还有不太和谐的家庭，让我成为了一个心理上情绪上比较拧巴的人，我有很多的疑问，看不懂自己，也不懂别人，总是感觉和周围的世界格格不入，总感觉自己很差劲，也总是很缺爱，很孤独，很长很长时间，我总是一种抑郁心境，对世界上让我失望的东西我都很包容，不是我能承受，是因为我接受了世界好像本来就是这个样子这一段经历，在我不停学习的过程中，我就好像找到了一个个个个个答案，回答了我一个个个个个问题，我懂得了我应该如何对待自己，关于自尊，期望，需求，理解，行为等等，如何看待别人，我以为的别人的恶意和评价，好像更看见了世界本来的样子，它并不是充满了冷漠和恶意,1.0
120,2020-02-28 09:39:44,从生物学角度解读：我们为什么会有痛苦与压力？它们的本质是什么？又该如何应对？,scott.cgi,就像本能会产生条件反射，去应对生理痛苦一样，本能也会影响潜意识的运行，自动捕捉环境信息，并自主（根据本能与智能博弈的结果）判断是否需要产生痛苦信息，以让我们感受到心理痛苦这个过程概述起来就是：环境匮乏，形成不平衡，就会产生压力，压力信息被生物体接受并处理，形成痛苦，就会驱动生物体产生应激行为，去反作用于环境，导致环境变化，产生结果主题目录如下：痛苦的本质痛苦与压力痛苦的作用机制压力与激素痛苦的意义痛苦与奖励痛苦与心智如何应对痛苦结语体验痛苦与追求卓越痛苦的本质痛苦，是一种感觉和感受，也是生物体在适应环境的过程中，进化出来的一种本能机制其作用是用来应对环境中的不利因素，以让生物体获得更多的生存优势与生存利益,1.0
121,2020-03-02 23:20:26,你觉得人生中最痛苦的事是什么?,幸平,最痛苦的就是你带着旧日的痛苦前行，还不知道未来有什么痛苦在等你,0.9890927135091225
122,2020-03-08 18:37:13,为什么会恨给自己希望的人？,小小淑子,我本可以忍受黑暗，如果我未曾见过光,0.579015742643306
123,2020-03-09 00:09:48,你在最痛苦的时候，都做了些什么事？,wangyanlin,白天上班，强颜欢笑，对同事一如既往晚上回家躺床上哭，什么事也干不了,0.9589188643985745
124,2020-03-09 14:50:00,你好，我想熬过去，能说一下鼓励的话吗？,艾达网球,先说个好玩的企鹅和大白鹅都那么可爱一个在南极一个在嘴里踌躇满志的你生活再绝望也不要放弃因为月亮总会在夜空向你微笑二更希望题主幸福,0.9999997511582965
125,2020-03-09 18:10:10,突然心里很难受很空，总觉得心里少了什么东西，很难受，这是怎么回事？,蝙蝠侠,直到我看到她的答案洛秋湫我知道我缺的是什么了，是经历，是努力，是一段不为人知的时光我那天凌晨，无数次想起自己的高中，碌碌无为，没有任何拼搏，甚至是厌学，讨厌老师，各种不想学习的破理由前两天，我又失眠了，凌晨两点我刷知乎刷到关于高考的回答,0.999996393122287
126,2020-03-13 12:21:13,这个世界上最令你痛苦的事情是什么？,假如,在大学里，我见到了很多美好的事物，眼界和欲望也随之增长，很难像小伙伴那样容易满足，只要老婆孩子热炕头就可以了正如《平凡的世界》里的对话描述的那样谁让你读了这么多书，又知道了双水村以外还有个大世界如果从小你就在这个天地里日出而作，日落而息，那你现在就会和众乡亲抱同一理想：经过几年的辛劳，像大哥一样娶个满意的媳妇，生个胖儿子，加上你的体魄，会成为一名出色的庄稼人由于原生家庭经济不富裕，自己的能力又有限，很难在城市激烈的竞争中脱颖而出，很难在城市里取得立足之地,0.9999999999990115
127,2020-03-13 20:56:51,这个世界上最令你痛苦的事情是什么？,卷毛阿肆,他又看了看向我爸，说道“前段时间交了个德国男朋友，双方家长都见过了，后来不知怎么的就没影了，也不晓得给亲戚一个交代”我爸接着说“听说这姑娘小时候有抑郁症，还总喜欢写伤感文章”我舅舅一听来劲了“就说吧，果然是什么抑郁症，文艺青年就爱搞这套”我爸又说：“听说前些天哪，他妈还跑到上海去照顾她，好歹还30岁的，人哪，不能太脆弱”我忍不住回答“她不是年薪有四十多万经济独立了吗他妈妈又没养着她，只是过去照顾她”舅舅连忙回答“你不懂，这种矫情的人赚再多钱也没啥用，太脆弱”就这样，我舅和我爸越聊越深入，凭着他们仅存知道的那一点信息，拼凑出了别人的整个人生，最后都推测出别人童年太过被溺爱，娇生惯养，没吃过苦我吃过许多苦，但它们从来都没真正的伤害到我，但那天，心里就像有个洞一般，揪心的痛，因为我发现了一个不愿意说的事实,0.9999999980880387
128,2020-03-18 08:54:31,写日记是件好事吗？,Molin,那时候那乱七八糟的心事，不管是想入非非，还是为了没有朋友的自己难受想哭，抑或在日记里散发怨气隔了几天没写，再去翻开，就会有种和老朋友好久不见的感觉一本日记就像一个忠实的朋友一样，一直在一个角落里等着你,0.04585174421350324
129,2020-03-18 18:27:53,如何坦然的面对过去的痛苦与不堪？,Suifeng,所以当下想变得坦然，在时间和阶段上，都不可能迅速实现，唯一能做到的，只有让自己不痛苦没有谁比谁痛苦，只要你让自己难受，即使生活在蜜罐里也会抑郁，只要你不让自己这样下去，你就可以找出很多事情，智慧去解决问题你认为自己该痛苦，就会一直不断的放不下曾经，不断的对现状不满，不断的对未来充满悲观，加剧痛苦的感受,0.9999934136495668
130,2020-03-20 00:05:07,如何坦然的面对过去的痛苦与不堪？,菅原小春,比如因为现在认识的人大多数都没有耐心也不想去听一个人的故事，互相分享也会有所保留，互相克制，互相戒备我很孤单，我的倾诉欲很强，我真的很渴望一个了解我又陪着我的人，然而我现在没有办法我记得老师拿我画得了奖让别人去领，我记得我眼里进了石子，一只眼青一只眼红没有一个人说要带我去看医生，幼儿园的小朋友全部都在嘲笑我，说我像个鬼，丑死了真恐怖快去死吧,0.9999999907972722
131,2020-03-30 17:24:13,遇到这样的事，我该怎么办，现在很痛苦？,本本,如果想要达到你想的目的，势必要对他进行人身攻击，要么触犯法律底线，最轻也要把自己推向舆论的风口浪尖说实话，我觉得对于他，你做什么都是在浪费时间不过，如果你要是实在出不来这口气，就找几个人约出来打一顿好了，照着脸抡，这是我初中的时候解决问题的方法，不得不说挺解气的,0.5666920883146911
